"","Comp.1","Comp.2","Comp.3","Comp.4","Comp.5","Comp.6","Comp.7","Comp.8","Comp.9"
"1",-0.032765943595929,1.67577494182019,0.452205292888613,1.60264001113594,0.648729754192052,-0.250152186717156,-0.160304441076233,0.0299466935232376,0.0224780282879135
"2",-0.0154874897775988,1.83618846439178,0.320705860351551,1.20730798266632,0.408060922366573,-0.190865860614444,0.0614161978617324,0.194941797199413,0.00610493066439586
"3",-3.7509482243174,2.91275713485747,0.40471849001531,0.521019103351576,0.374994783115297,0.266963703161269,-0.0848235152872723,-0.87072621165409,0.073674417791761
"4",-1.75583009833988,2.18096832948122,0.320056269033101,1.03977489687163,0.605198120373353,0.251910602087841,-0.179067529445586,-0.3971870826274,0.0595464993581655
"5",-1.75897735008191,2.35477734150971,0.198544238896913,0.652588580726213,0.359272442330505,0.262253014754894,0.0398876173101588,-0.201675558834809,0.0395080848424294
"6",-2.00142432106942,1.54021673591131,0.20524651989176,1.4214971428418,0.562566422067436,0.204091390744426,-0.12503436874175,-0.463429632406784,0.0421844817340634
"7",-1.71877266134789,3.38209310336217,0.254988376647204,-0.374847956084105,-0.168629705808825,-0.0485980511907413,-0.217660753336549,-0.0864119292503232,-0.0468782029643932
"8",-1.93664609316332,3.00543033861562,0.073414732775708,-0.338981447083261,-0.278745168101351,0.126524031589992,0.0539528751712906,0.0511889414897782,-0.0648418206102243
"9",-1.83807822641806,3.6317291545187,0.589434813298862,-0.278323887566114,-0.213986050380166,-0.165289110408736,-0.182501876476442,-0.137984994585891,-0.0306798618615559
"10",-3.20571485494732,3.50015676072017,-0.516252538087451,-0.98077613681788,-0.33909812294513,-0.449983727342339,-0.0183013396870634,-0.298894747078493,-0.102253352136741
"11",-0.998839069380242,1.39389762531901,-0.124103621322957,1.27597730797444,0.582143271749313,0.156579313927935,0.233594679632162,-0.15432535005956,0.0450219937922259
"12",-0.874326045009489,1.07976634892049,-0.471685216003495,1.13187809455738,0.477621025284856,0.188419771424426,0.232732150235691,-0.230247877635104,0.139779723175804
"13",-1.38606476024602,1.3681278312888,0.446746392815778,1.47428994147877,0.2804534248886,0.419288021988476,0.323131929327397,-0.0210010774280959,0.0812298365335486
"14",-0.460740656623629,-0.211070039465663,-1.26100495846802,0.711368798280061,-0.387681371277518,0.261328345113244,-0.371773332644976,0.0460877920392686,-0.046714593871599
"15",-0.524385905321632,-0.21458235624604,-1.84310151928202,0.609535075920968,0.0638722764323598,0.278346132475077,-0.087338272556679,0.00926205133833318,-0.0614545537801462
"16",-0.0910809862327012,0.0965409290349816,-1.10926166976016,0.968809708258512,0.0391232894749763,0.196534498522532,-0.00997881240298637,-0.116821783368157,-0.0376866531017459
"17",-2.0040237725695,-0.194963739505333,-2.69863912881542,-0.0230405333851772,0.150169942830322,0.40568913743328,-0.188651944235584,0.142403138810987,0.00528862278613525
"18",-0.550457274873343,-0.91134132441594,-0.968107924021069,0.20270343786935,0.277395417177855,0.186962413998994,0.209592619263006,0.0888007708606072,-0.0953274854963093
"19",-2.56684698042142,0.496601904484224,-1.39967792381767,0.144218870585806,-0.258151313118257,0.645223144991653,-0.442654884939471,-0.0990571822976463,0.0815850231074999
"20",-0.328840688524227,-0.328157060429707,-1.02005216986439,1.03626343786038,-0.379738125666729,0.259429650480247,0.0613166141241664,0.128347040577783,-0.0376710636178354
"21",-0.737343121630496,-0.641278353005517,-1.30063156852369,1.17435060378599,-0.210477379145093,0.208815149367346,-0.195527828464698,-0.0342564745434402,-0.043547669865398
"22",-0.648655034500309,-0.844938779301827,-0.855431327459659,1.48463429995617,-0.48822181588022,0.230671735536608,0.0139420232867819,0.12702567303314,-0.0403295047574835
"23",-1.13018740125761,-1.51198100770168,-1.62460301036626,1.41303920296317,-0.342744566305265,0.309232190096601,-0.394224688039121,0.134701863855552,-0.0443157098224819
"24",-0.687486100638748,-0.481722119896829,-1.1927292648737,1.27104462277235,-0.0926358945730067,0.11658198287666,-0.072731292582629,-0.074311389742595,-0.0512642281133827
"25",-0.369898190231122,-0.43963294889662,-2.01357510507128,0.553242985182942,-0.0357068072241325,0.267853509556832,-0.123766189399633,0.0109457838181271,-0.0151093808759016
"26",-0.877194182046536,0.0240949364283388,-1.12701328501042,0.629534688104648,-0.354377785174333,0.456740451872768,-0.379329426895638,-0.080975712821819,0.0361018413071968
"27",-0.202061730606999,-0.2217960962676,-1.68835960137296,0.742884880919385,-0.0131251870762426,0.0672965519718207,0.0162245109396847,-0.0761041893184247,-0.023674992180764
"28",-0.163788151732583,-0.551985302394882,-1.52330878761205,0.399447111240984,0.262427379815071,0.059615450353561,-0.0120220901981575,0.00142616288838145,-0.0927456958078484
"29",0.177619103995336,0.0368292300203446,-1.46700450665863,0.56064513744688,-0.1960216686654,0.196772948412976,0.230079005235813,0.0943712337057459,-0.0221484492828747
"30",0.393952835358362,0.402919197529602,-1.62502548783076,0.454546378681937,0.198087711558641,0.155658222599522,0.129802827187498,-0.135253832331749,-0.033231749762766
"31",-0.644635168745996,-0.886122538538021,-1.3300342027314,0.125447799074142,0.586770946444052,0.253342640508196,0.379658883317798,0.060672632461617,-0.102243040960547
"32",-0.559148415640258,-0.317310275436659,-1.78580065466006,0.278336133423179,0.630001817577014,0.239311023110861,0.198029851292611,-0.142376701447888,-0.0700993481204156
"33",-0.15474112253151,0.136922402044918,-1.44323694618228,0.893813445827109,0.339709642277204,0.289108404502182,0.199044028004286,-0.233027785894477,-0.0189082205451696
"34",-1.29987001164182,-0.537140706642552,-1.29484082636233,0.977969381825499,-0.269533659250703,0.505875910176498,-0.345037584423969,-0.0778899477875407,0.00796495146552707
"35",-0.402727663438272,0.0196179382883318,-1.75165195047956,0.727272946350328,0.322999666882109,0.28435626999848,0.163714038745918,-0.176184438306638,-0.0302507892455411
"36",-3.13196168336048,0.846177243198257,-0.607360840776381,-0.0689363726229205,-0.0873294138773859,0.150457967977231,-0.260529127090563,-0.206766984593087,0.0191970307159851
"37",-2.98230683483516,1.86229106967638,-1.15338211070136,-0.193548805850946,0.172854811334485,0.377929593526769,-0.0282791779051117,-0.287766437775657,0.102178903433368
"38",0.271325441587155,2.91439987962997,0.00105817935261079,-0.0964471795594254,0.151863387813154,-0.216461854187042,-0.502376497355151,0.100725992919556,0.0825935332628896
"39",-0.00204257711971096,2.30334638426945,-0.102223049939012,0.129265334441236,-0.0823444947552806,-0.0588857126340975,0.135743043191015,0.328128502056482,0.0704685395739495
"40",0.517486198247262,2.90643082048094,0.232445842230668,0.0271141810095693,0.117444281037215,-0.161600569249242,-0.59003744185074,0.16833347763467,0.10640836804281
"41",0.192982356055349,2.39837038318236,0.467639068817232,0.308658455952382,-0.202271326927337,0.221255436875746,-0.125164984755889,0.421624308949567,0.0152522091595877
"42",-2.53793044519421,2.97264851247684,0.276458173323292,-0.251905449218571,-0.625995795631318,-0.210063435736903,0.448078070524056,0.0719266909557566,0.127109594407436
"43",-4.44897643361742,-6.3851726961059,1.54064893646641,0.422679218743009,0.890776308925951,0.28383338217695,0.739093591127344,0.385649266902841,0.0232973752391598
"44",0.874611620437561,2.27650832373179,0.240304606200927,0.997010324662396,0.683152197042113,-0.269898784869128,0.115871895468127,0.420981916752785,0.0364409184678449
"45",-3.79208937097758,-1.08304373858417,2.70020658527356,1.07811613029494,0.613071761953639,-0.19236582804707,0.710288199128341,-0.392903895755595,0.0535333063946382
"46",0.126521094146855,1.29984692323467,0.486116372304086,1.7926487416193,0.565763527559355,-0.0172845856598034,0.121929350045613,0.136124034967469,0.0771081175004675
"47",0.00277617273555547,-0.244631586448278,1.21705120427039,1.90795374554746,0.698663814019173,-0.531436741717572,-0.170045103458046,-0.124405659736153,0.032692950910452
"48",-3.02522002030565,-1.24493532576758,2.62333217530061,0.332657813381123,0.754143530163381,-0.372114984633686,0.605498382803634,-0.155425028675679,-0.129810985006953
"49",0.411445517762787,0.67661370477705,0.624360200087514,1.4153734935182,0.450093527676754,-0.260598073207255,0.0550344343807993,0.116808436352663,0.020950839884937
"50",-5.17360756054978,-7.98170899107327,0.48957256694589,-0.00869270566835373,1.14056674117106,0.182688372921303,0.412206321831004,1.05215064708793,0.179565120669342
"51",-0.19105952243624,0.322362667438863,0.958289397172003,1.07223064005574,0.602166439567218,0.15064608156494,0.309811602860905,0.0847709911336082,0.0305006453763701
"52",-0.396274516117996,-1.18649242439809,1.31121589362679,2.40591253432676,0.349540719895744,-0.341681431198335,0.0568051931541815,-0.134170283966708,0.0603733376447527
"53",-0.203347119360843,0.227348617319768,0.232841888780712,2.3869994654623,0.455482251370492,-0.290213888170457,-0.041410864845489,-0.233738766157993,0.0774337497224381
"54",-0.0379327390352091,0.551727629921414,0.0959573335346707,2.11430562260626,0.575785780412007,-0.14238713510611,0.322197009022047,-0.0381768652098839,0.0334226533238612
"55",0.88710293825242,1.56816304987932,-0.310976193238941,1.04551106279619,0.613999286121429,-0.335203269052389,-0.0493647762232422,-0.0317604118990156,0.0240240839709105
"56",-1.67823773796985,-3.67539528295816,0.379603148550276,1.06756162278109,0.773779698857846,-0.108893350609937,0.26061566238054,-0.0269602378243457,-0.176428217873018
"57",-3.98133967214243,-2.09580700829561,3.00168598071062,1.14857776019734,0.531831668754933,-0.389098519559475,0.610281463668318,-0.371840273302984,-0.0649370925459972
"58",-0.26771082018727,0.799475573423405,0.472660163544448,2.18204681534646,0.543807085081084,-0.0688289176876666,0.205093635287701,0.0273963959546318,0.04635790431436
"59",2.04534818496585,1.0862067353835,0.444501461398073,0.1452139919692,0.54821671798809,-0.700206758106239,-0.28554929200566,0.114088378944959,-0.00429899904963268
"60",1.58820422570329,0.524707379577439,0.246137938668574,0.286259150819857,0.359735951557532,-0.459239394251829,0.407418529740403,0.235037600805772,-0.00923410114520412
"61",2.24672928432459,0.658448597827544,0.77108118065454,0.388685371154505,0.139728158252871,-0.602512458995115,-0.179329854719299,0.29435205733224,0.0098763007527706
"62",3.12072251651645,-0.154136338858554,-0.744214696661043,1.60804541401121,-0.163866118940624,-1.38900917935704,-0.178780427120787,-0.367615115890472,-0.0123982686049088
"63",-0.306808321284438,-0.306367415407602,-1.35554489988967,0.43447274871217,0.395178694743696,0.184341122884487,0.0744474153568511,-0.128996222790495,-0.0719852894402409
"64",-0.138694308915373,-0.446541416487099,-1.09280775988302,0.482243203309817,0.0811962189061941,0.187701616657245,-0.143642293220411,-0.0623799939198666,-0.0670112333077245
"65",-0.570007982333875,-1.04658245147953,-1.05550382020443,0.842222392245888,-0.0511800147154113,0.241844843996134,-0.265052652265804,-0.0171686786301231,-0.069924306704083
"66",-0.0542411311277188,-0.184497977814527,-1.04023892946153,0.601740320986264,0.40731639366503,0.186170384905859,0.120349187511306,-0.205223730234525,-0.0504601293203312
"67",-0.791191986231398,-1.12211179874096,-1.54896862215901,0.678633680220423,0.162186172507131,0.23648638293414,-0.160970865971111,0.029287315862008,-0.0712654409125122
"68",-0.557219235745619,-1.22013912311537,-0.943382325294938,-0.175940992485446,0.649288292733392,0.15171800620717,0.288659283583492,0.103509867155426,-0.135880081646136
"69",-0.646102363024386,-1.29107014335563,-1.12027260748197,0.471057405335121,0.468045957366683,0.169821625532097,-0.136525280136131,0.0724933813288271,-0.146731964161803
"70",0.399932582141798,-0.0691965533440875,-1.14773766313906,0.0984130190784408,-0.0446784010930875,-0.00655152555174238,-0.166718742333743,0.00426924088184039,-0.0694560452985802
"71",-0.0698188109397015,-0.852397483036479,-1.09611223740277,0.117839944825324,0.338595928369245,-0.0431336546569513,-0.0917122193407086,0.0357360392232362,-0.129256308992849
"72",-0.228644739436527,-0.46581431547985,-1.18187824443694,0.426057617150081,0.0777167163130153,0.190405441736136,-0.134297516806702,-0.0803647688243912,-0.0495276150297841
"73",-0.275019286283215,-0.692453199643691,-1.53069663682646,0.294664213416734,0.0461189364167024,0.148162935398137,-0.179307152562353,0.0185160588109395,-0.0537799913727028
"74",-0.922714329002755,-1.79986433774059,-0.567508024565183,0.984164462291937,0.00192436203943488,0.0175440131167469,-0.311821840323543,0.0239052198237831,-0.124628294645937
"75",-1.09990245339153,-1.79295442577029,-1.1936169976472,1.11953986664802,-0.292864798063785,0.157475969043125,-0.468847158522241,0.167596696283581,-0.0870810035426975
"76",-0.861889613411958,-0.929673360946668,-0.557987528778919,0.842610358425932,-0.43272008411079,0.287141932730853,-0.54228258617278,0.0127743416135705,-0.0529179824056237
"77",-0.60982451455734,-1.02867658381606,-0.973595231165481,0.857584695721537,-0.150142773849639,0.118084794424665,-0.286626763984363,0.0067368289711423,-0.0742869471465684
"78",-0.749905802170262,-0.859692168030384,-0.489615411898223,0.638305770183466,0.330590865971248,-0.0164778431134447,0.0184728997518782,-0.22920174124563,0.000725345726870347
"79",-0.214011136869688,-0.710727080963942,-0.683607109355906,0.710642744451095,-0.32482585103446,0.201389329259231,-0.0314819215395197,0.143938856276449,-0.0581809561981791
"80",-0.504248429354706,-0.712168660198221,-1.04998608979744,0.0224733839789875,0.298385864985894,-0.00328404935683307,-0.165211888147849,0.0644589043643965,-0.149467921493318
"81",-0.440372492489373,-1.11492596867963,-0.409194903012178,-0.0641629063596102,0.343712248799435,0.153716908136578,0.216641664175036,-0.0835484647284292,-0.00577513886519545
"82",-0.415376546195464,-0.562835079249892,-1.46971957729868,0.30442684885521,0.1323728308535,0.201124783350584,-0.175879163704247,0.0391140983886854,-0.0877434056565624
"83",-0.327004728931714,-0.60275798676932,-0.939456471749197,0.395353014104614,-0.328807505745832,0.160455525110738,-0.459427232853419,0.0879088307146401,-0.0775887313469232
"84",1.67978210485051,0.887919132465307,-0.675319771399422,0.516650609341074,-0.254542311784654,-0.105025962564098,-0.0728244043075814,-0.0588795104551466,0.045410847877204
"85",1.47784237434245,0.61781471234676,-1.29361205992115,0.214322827202033,-0.240595000868488,0.0333878386872395,0.0114674637787855,-0.233759419955024,0.0655539499547031
"86",1.42638591501212,0.138772888173462,-0.265294284984214,0.644189718966254,-0.0868320876811524,-0.198323354188219,-0.00306420508317707,-0.18531416222397,0.109823557448965
"87",1.06639147745836,-0.413193775358337,-0.688328218604504,1.21960782190554,-0.577055215842719,-0.0213807562725355,-0.133422134825076,-0.273024485209688,0.157090683535883
"88",2.51033437078742,-0.849460563725346,0.592802819504258,0.270440258204214,-0.164931240415918,-0.735338765616834,-0.0842567920517679,-0.164494812192977,0.0208474557483293
"89",2.65450684041986,-0.865943782810991,0.352664611606965,-0.188167499912749,-0.487082067360027,-0.543377989982101,0.0997962035258501,-0.0809447593884169,0.0241763337837336
"90",2.08227551130806,-0.752500167874218,0.235764787517838,-0.405007978138997,-0.379489007069302,-0.0950250192337652,-0.0248689687107298,-0.111907634792084,0.0191827582110083
"91",-0.757874285635871,0.186132774596678,0.687913195016732,-1.3114785132858,0.274689593977085,0.684772662281473,-0.325035270701692,0.00741305372293486,-0.0242467718812796
"92",-0.909568827907216,0.272126587111573,0.685010451594498,-1.29530845370882,0.234209492068401,0.350979213243597,-0.25887880064223,0.0820404743207117,-0.0503879050398954
"93",0.147472353947386,2.68700778487557,0.220856736310148,0.409105694263099,0.310484686034431,-0.0877684449485742,0.2670621617179,0.454612163200647,0.00442218898128833
"94",0.658405384672603,2.99741358412666,0.120940707771917,0.11377135150226,0.433493825651041,-0.145694582876616,-0.441286708353633,0.209226719152549,0.0104366124812912
"95",0.939213227555375,2.8935648987926,-0.0973278283213565,0.178871088347485,0.543932932617273,-0.414341592674083,-0.283304700440542,0.264243971709732,-0.00986952492427684
"96",0.811743117943493,2.95874278487704,-0.056928621177372,0.129147213083956,0.609064849894841,-0.129104407185856,-0.328535435801072,0.19062713600741,0.0132572839632331
"97",0.73808854395203,2.3969647178748,0.189195753853222,0.665936201026398,0.464407051849201,-0.244383439250164,-0.35378523087181,0.187984240891326,0.0165718303093731
"98",-0.198544681737874,3.17606803071455,0.485733759607902,0.153540637404488,0.390163908290176,0.365306034268111,-0.233476807229235,0.198777229244196,0.0486515595775849
"99",-0.759447200956507,3.44040516985335,0.652766547455397,0.0391695987237946,0.348266889509118,0.532320750521676,-0.276623175420418,0.0754776755823953,0.0602379002914071
"100",-0.64895169105095,3.34611104220843,0.306605694962248,0.0332229797727457,0.447233387726225,0.155331087127234,-0.0653944096254918,0.109110685725228,0.037393255355416
"101",0.798643286970932,2.97807476586222,-0.0336220883787724,0.141157154631394,0.601607322290229,-0.172469398428632,-0.326614669690844,0.20744568339814,0.010661386760241
"102",0.927355680005839,2.91113036191954,-0.0794304559793214,0.19095473129016,0.535542593602978,-0.469057782372033,-0.277344242355261,0.281941146579311,-0.0135205424771525
"103",0.546920555712312,3.1220651504585,-0.0800976334341824,0.135037823272235,0.607788475002824,-0.533177918628596,-0.204712874166248,0.249135385751652,-0.0247907580434221
"104",2.07340458265119,0.640931909055098,1.01464832966554,0.34880970490286,-0.137834669865958,-0.521560470968245,-0.410997085326044,0.343863203213542,0.0214347283015503
"105",1.81865476896606,0.846122734555174,1.06153350719914,0.356067690002225,-0.00317323057665618,-0.551853149803653,-0.372359127599844,0.397993622883577,0.0191484907791811
"106",1.68265079700668,0.859914815084036,0.902875152916248,0.281921695665722,0.0632006696776121,-0.541640739570456,-0.302885099566364,0.34284647633788,0.00749816517591364
"107",1.8204939254794,-0.019752572640825,0.983394931521959,0.721323448389521,-0.314340879423515,-0.602480599179434,-0.386662196203387,0.225395382242822,0.0325268079254493
"108",1.62294450348758,-0.2413891301328,0.620421570693412,0.451415188894107,-0.397066607391765,-0.271351914852845,-0.421664490180569,0.0107984227733022,0.0294030116376794
"109",1.1874182319287,-0.652321732650868,-0.117712630562566,0.0180033835203884,-0.517665462850219,-0.0446305017618306,-0.554169123755565,0.00792523405673808,-0.0399800116512864
"110",1.25627175720491,-0.79275252906442,0.10358257219416,0.301141475734166,-0.564056020067407,-0.0386934437014837,-0.139829759113193,0.0656256062187132,0.00379788469065799
"111",0.906973907895747,-0.87623932680278,-0.143289903624098,0.126557457233841,-0.587350461782996,0.0354987593149956,-0.260211349441939,0.190402575762493,-0.0504118032218727
"112",1.23333897143669,0.00282853627761321,-0.300895112813157,-0.470628287390237,-0.333330251998471,-0.0354875362778949,-0.483812861866565,0.0364733354692786,-0.0551304252448665
"113",1.66668692269026,-0.721610332259379,-0.0890591745827146,-0.544990774219244,-0.218355237121824,-0.133548574800125,-0.041923452994442,0.0827733778744442,-0.0610749195029635
"114",1.34025981693353,-0.666201234811162,-0.128488814104977,-0.651725853733039,-0.193584996471444,0.0494233141378737,-0.146041744253601,0.132803294574332,-0.0712492757493575
"115",1.36214379072379,-0.67006951543069,-0.193315720863991,-0.648566008515483,-0.14468911180412,0.0071186938366283,-0.102167330378671,0.139259524079159,-0.0774151199567293
"116",1.93256118010904,-0.295316193171851,0.163828895753268,-0.542707187876592,-0.0607165537620202,-0.242771366209987,-0.300652166732712,-0.0813036972650256,-0.0599879596355306
"117",1.17510793585294,-0.499461205202733,-0.493113875484658,1.26033416996361,-0.790845162601865,-0.0259344205839107,-0.291744867886228,-0.208518680227456,0.142442607948496
"118",1.8099475403918,0.791726724330813,-0.486845943476671,0.553602870466267,-0.470657109297821,-0.0981320803422199,-0.218951304651913,-0.0225119838020668,0.0571292445662011
"119",1.62182172151319,0.715938939539259,-0.117266477945787,1.29418662834304,-0.0626629377715111,-0.313058051950648,0.00114175233107064,0.102367668326028,0.0253805434601696
"120",1.74420031014585,0.454177062821229,-0.735173941156851,0.68153237625041,-0.486453788749222,-0.234310476029755,0.22621748351958,0.140626451229753,0.0118317539424861
"121",1.57281321519776,0.595985535083136,-0.488770016152734,0.674748183590537,-0.488118888619754,0.0772551675236174,0.102951581833679,0.0970977263605675,0.0476101510179569
"122",2.14091894423641,-1.11473350385257,0.172291909486949,-0.218161915888979,-0.529895617767518,-0.257999734260082,0.35232938218574,0.0534913566241568,0.0152974627514425
"123",0.999320891995255,-3.16379003507607,1.35794111957897,0.83421299863409,0.0450905262881738,-0.207920551378304,0.0671248104307527,-0.258417883620214,-0.0335028800667282
"124",1.00228899589568,-0.46411550415253,0.232287032120961,-0.676326656085457,-0.2905526729493,0.346067657108087,-0.339706131477416,0.112240979264563,-0.0510028959974855
"125",2.05452355789351,0.607240025343977,-0.564008565574164,0.564254537587618,-0.54895098958272,-0.115765456368944,-0.246832308505931,-0.0109204626705425,0.017600071846768
"126",2.08755647737858,0.999807777451602,-0.778019659514982,0.41012256485422,-0.174720451387065,-0.247625938013404,-0.357805103198578,-0.186126324324452,0.00882736413583812
"127",2.06581407661181,0.39733464932639,-0.538177985153006,0.815841792944801,-0.594621576776921,-0.349656487291455,0.194684132188045,0.177531765403062,0.0181798828286895
"128",1.610419804058,0.505367115968135,-0.471945744527741,0.653952400912412,-0.603665037529369,0.0982650399618226,0.026799369217609,0.107436489298296,0.0436362966293894
"129",0.652688664990871,-0.12142962511307,0.727855934002195,-0.64223328704772,-0.347233541306945,0.57591574580022,-0.450993220784217,0.0239537222424918,0.0601525398042955
"130",1.18644308083598,-2.33378104451412,0.900944641098221,0.695946852784459,-0.0380036182457547,-0.158194787449078,0.106780953458395,-0.208308316310775,-0.0180125993381392
"131",1.42852336463251,0.0455201069189541,0.411665168101454,-0.559556678329662,0.0283808786211736,-0.105462692239677,-0.378714560698753,-0.0224620006380221,-0.0526741771490243
"132",1.87831084949989,-0.267379795979014,0.186914705747304,-0.538359328664141,-0.0688633266054324,-0.285359005015509,-0.314532563852154,-0.0425820207179742,-0.069109929657591
"133",1.47365801868419,0.886439750111447,-0.450568123708359,0.903573691479683,0.0895903532810198,0.0123939241636468,-0.311823542860474,-0.243458786301088,0.0334701661140001
"134",1.23333897143669,0.00282853627761321,-0.300895112813157,-0.470628287390237,-0.333330251998471,-0.0354875362778949,-0.483812861866565,0.0364733354692786,-0.0551304252448665
"135",0.317607518830012,-4.42979437587098,2.19298682114295,1.43537156860439,-0.0690298429088427,-0.229996632861921,-0.190870660540767,-0.177442182977699,-0.0745891090075174
"136",0.979943836892561,-0.265100036206241,0.377632050851049,-0.50974553721101,-0.319482778860412,-0.346152738849535,-0.169058676362735,0.262679857885025,-0.0611650096650273
"137",0.906973907895747,-0.87623932680278,-0.143289903624098,0.126557457233841,-0.587350461782996,0.0354987593149956,-0.260211349441939,0.190402575762493,-0.0504118032218727
"138",0.828103488883152,-0.578435217992627,0.0276298786449407,-0.535030729483246,-0.142840326715876,0.209200457455954,0.312049581190177,0.0697609726088397,0.0736139637283319
"139",0.738019801884001,-3.53580756803214,2.52828187820085,1.29393110258911,0.109674739239967,-0.644577146845684,-0.0264985405989825,-0.0445981995389937,-0.06635993738776
"140",1.18957797391132,-3.22999691743809,1.63950948420594,0.907855676427955,-0.199133562879282,-0.218831866840543,-0.0578517940854511,-0.272983728293018,0.0100234496788411
"141",2.08855106819471,-1.16949585595067,0.113871001795745,-0.26908446851548,-0.522722912743428,-0.111560164526184,0.271299903434643,0.093924991546294,-0.010618611625866
"142",1.71541823963949,0.629425214967285,-0.882473104580359,0.708262081239718,-0.134847622518579,-0.1883687180941,0.45019300635153,0.0620574137749774,0.00902044546453811
"143",1.235853005904,-2.71535815998014,1.24148579227484,0.347992795989509,-0.0172132487140006,-0.215320995690723,-0.0106672335979327,-0.186869770865557,-0.0426671327064535
"144",1.1874182319287,-0.652321732650868,-0.117712630562566,0.0180033835203884,-0.517665462850219,-0.0446305017618306,-0.554169123755565,0.00792523405673808,-0.0399800116512864
"145",1.90313330757053,0.740458595578313,-0.717363367852422,0.551547260323695,-0.312472682569196,-0.157245034737363,-0.111787149043488,0.00679425356257501,-0.00809319514199558
"146",1.63615786747288,0.798034592167214,1.22455417163892,0.599437134232587,0.0791623712328295,-0.47564651793839,-0.01456316853968,0.599575869573295,0.0199880826627876
"147",0.510043115494391,-0.859159548784572,-0.53675417806934,-0.841282868997637,-0.198587366814413,0.291155752715205,0.257796858131123,0.0817537755814778,0.103889990617433
"148",1.62294450348758,-0.2413891301328,0.620421570693412,0.451415188894107,-0.397066607391765,-0.271351914852845,-0.421664490180569,0.0107984227733022,0.0294030116376794
"149",1.37324395157648,-0.689743591574631,0.357609692066895,-0.308984246374187,-0.332337182526997,0.0391869876765632,0.232423851355521,0.154904029763219,0.0122672573034328
"150",1.70864005014388,-0.716526647956537,0.463990484601028,-0.730168662909058,0.110496978844941,-0.257167139673258,0.0984240960343597,-0.0201689231247044,-0.0486605964175744
"151",1.25772969530355,-1.11510811676527,-0.670131670461121,-1.23436535982659,0.202147508213977,-0.284637465120129,0.309106210473529,-0.19767564636398,0.120566952915376
"152",1.76330492136731,-0.709563775348583,0.581413125054764,-0.675806187897892,0.0760279582465445,-0.2641997250514,0.0263584015559921,0.0645057232181647,-0.0839851554437693
"153",1.74010865247873,-1.09106428610377,-0.116448191985242,-0.418152752660935,-0.423293795619201,-0.0914655521653396,0.38249682501599,-0.0156537312562288,0.0668108719229977
"154",1.29376322427724,-0.876381271672431,-0.726759614515057,-0.857407856603215,-0.0913394866413298,-0.00889527928465216,0.0696554327262975,-0.0409438240648399,0.00773175380623183
"155",1.08040208493788,-0.798436052649604,-0.256402607142579,-0.550582534680209,-0.142762273823811,0.0467616212238449,0.398596305667,0.0797803648528042,0.0211044096702614
"156",1.16105300463329,-1.02206926251301,-0.296304629722014,-0.641020691777699,-0.338844254771596,0.243068265860301,0.245928789984282,0.0329606572191661,0.0593538903637625
"157",0.994657914337234,-1.17928932614632,0.0973996205686684,-1.02848682573813,0.82013240552938,-0.334614682066262,0.00383991629052419,-0.169300831344937,-0.146105855583399
"158",0.739750214817843,-0.629992529245802,-0.0129527636468401,-0.621602972608481,-0.185071206494482,0.402102085337973,0.249552072966102,0.00191254979117274,0.124760017060845
"159",-0.552023524501771,-2.23002124202184,1.55590917292608,-0.148230108219263,-0.218945132166979,0.601123897025139,-0.54285309001043,-0.19115621299326,0.23157691836522
"160",-3.10361675972256,-1.13835425890011,1.99897864223305,-0.240874275593939,-0.14507619824107,0.213596609506551,-0.0861265750600104,0.00867057448678906,-0.0757215932485207
"161",-1.76279428907629,-1.03808736896665,2.52005806656893,0.0131158187391439,0.11563221673673,0.783029085297097,-0.559309754969541,-0.141146744606622,-0.0217169403495081
"162",-2.32582105259333,-1.67858110580345,2.86390857092947,0.642677855268803,-0.131994078351398,0.747849588062978,-0.275866795425266,-0.0339782621722725,-0.045364512937035
"163",-0.0228623434853318,-2.32234194367072,1.15288994671112,-0.00322720973265277,0.1363562142388,0.249637832710714,-0.167381724013352,-0.182881299652534,0.0163647996398698
"164",-1.63379735334614,-2.03119195214794,2.61464627231559,0.736014643738974,-0.0633494829253709,0.70458341360076,-0.2137562904591,0.0127279414947228,-0.0230446715125354
"165",1.75750183676604,-0.375194253909922,0.458554305766155,-0.617670634889602,-0.448140528794722,-0.0598031956491615,-0.615989421412501,-0.0653231194657173,-0.00341418134587938
"166",1.86985634287049,-0.978394239263201,-0.344163406556552,-0.62866879385818,-0.3323685222215,-0.186106384302528,0.0241177305633573,-0.05302849900096,-0.00382778166059477
"167",1.92713581512298,-0.795316229067651,0.223390126510468,-0.464312638228296,-0.467690555996903,-0.0721510302710502,-0.149337213441878,-0.0108106087782822,-0.00630624487128134
"168",1.80159261502438,-0.757755918727639,0.14981314016204,-0.501268141202321,-0.430463948535257,-0.118316671667008,-0.112111542161323,-0.0093153574486265,0.00319346906233893
"169",1.27089630318475,-0.481534919377336,0.0398282269256976,-0.586554659880155,-0.216426995485865,-0.182850428904953,-0.0131650386418677,0.0351054628734542,0.0254019051718681
"170",1.62339456457157,-0.721081826395153,0.342057948921977,-0.793348341268161,0.148669692302472,-0.234371951100453,0.153683990461017,-0.0869002105955333,-0.0125787562085841
"171",1.75788956328522,-0.641909072340313,-0.797116601753722,-0.324901829861217,-0.357364485876801,-0.177084533385099,0.138060013233892,-0.0343468875987068,0.00633838459563065
"172",-0.578435387437089,-0.736395423997289,-1.16478793842271,0.220163601590412,0.651354208006425,0.207291494427312,0.477181766382343,-0.0190543449029796,-0.0971461418568788
"173",-0.834234338306166,-1.00452253852934,-1.80509456223793,0.958210536551322,-0.233162288752848,0.336085980153015,-0.370648947893639,0.176623859833646,-0.0603158172435808
"174",-3.2070002003682,-0.684413990767814,2.55128132765643,0.863601208707767,0.915176131577825,-0.373717281510826,0.122526229856641,-0.584132331102613,-0.0547883659978754
"175",-2.21204383575784,-1.57176889387496,-2.19916038118723,0.065288233489479,0.660164691743944,-0.0757181620156613,-0.205746115078581,-0.25423406765934,0.234148573493483
"176",-0.664281390632121,-2.96565314083041,-1.14926475854536,0.38647035078764,0.967529371240068,-0.373357588301887,0.0943617290304048,-0.636910882537818,0.23044608842256
"177",-13.2717004227046,-4.38872702806795,-2.07401549979826,-1.62932850261029,-0.616565239896562,-1.42413164625709,-0.759930246187515,0.691689812133059,0.619194742969291
"178",-6.24193510632736,-3.42604448668881,-0.604050490985715,-0.982342983023726,1.60511728001661,-0.205980398287209,-0.49047101522217,-0.158688856552608,-0.204601359815906
"179",-14.8477387824097,-2.2471268408565,-1.53879749106272,-2.15095778145348,-0.756415681788638,-2.74141399228262,0.460233281519984,-0.623571438235601,-0.0282714656620808
"180",-10.9335131270423,-4.9184523581675,-2.02154679649477,-1.802447180362,1.31814269410122,-0.924870468008806,-0.517448415993498,0.588744818979683,0.135355833956525
"181",-1.99517331387464,1.63321099333844,1.03607076316321,0.846928269808124,0.298598302031829,0.38066368277132,-0.155013156806026,-0.272511773008771,0.0331914003494148
"182",1.18524988422948,-0.0380290829197616,0.180398034147348,-0.913681191383745,-0.216936296902991,0.275706908619144,0.193906198358193,0.130720965407256,0.0746156022438823
"183",-2.72962636749784,3.62133853453244,-0.109271339750521,-0.716231890845214,-0.213428276659502,-0.322347184925033,-0.0105627893526412,-0.298931160800732,-0.0346153278056058
"184",-2.73800484677069,3.26753017597752,-0.174448761606387,-0.553223152362938,-0.33067911107556,-0.360633488754392,0.309487509137673,-0.100598216028315,-0.0530089221831124
"185",-2.77122433319428,3.85496322339857,-0.357691487191381,-0.939288236617792,-0.173103286844472,-0.755510343186326,-0.195301211055349,-0.43913134158955,-0.0798905109928589
"186",-1.72667923564127,2.80296322206484,-0.185640921636246,-0.371103359583157,-0.210961493690808,0.161437073224122,0.0696120817188565,0.0924565562807926,-0.0377710496015321
"187",-2.06851043287609,2.27010245082942,-0.0300689942149936,-0.0991652418653105,-0.560552480218527,0.33630527808081,0.586894234985472,0.377067546011369,-0.036237395447965
"188",0.174696043967508,2.83817057829813,0.181293225613782,0.14307396117869,0.260565833826382,0.038525003918271,-0.159437974786482,0.23194166211382,0.115315122036656
"189",-0.366757656052647,1.60714766412924,-0.488424905510329,-1.18184192560311,0.348995682319111,-0.0732976775638391,-0.176472532258437,0.0472710222618425,-0.0648899277694033
"190",-0.417135991167397,2.14695994248212,0.212996573403667,-0.869548503958011,0.438111213293377,-0.334671749228052,-0.0900263297533625,0.0957046038767864,-0.0100640697316043
"191",-4.21198535790828,2.74418597763087,0.117857220899691,-0.436509645774675,-0.995153889948754,0.178125078579686,0.987941771282675,0.12286497153254,-0.106447657799533
"192",-4.2734954845087,3.26405310447975,-0.323110935973092,-0.881775869211814,-0.733329179161234,-0.258250941744769,0.54813097200176,-0.182642762336908,-0.162365665376091
"193",-1.10478320568828,3.35279416557837,0.582348390045442,-0.102401458667554,-0.0902899148783001,0.0292878287668119,-0.28690536898328,0.0440439069195074,-0.00695688137847915
"194",-1.83191884550923,3.15629517659227,0.282564915247585,-0.204799193378865,-0.222453523376628,0.00994857440421883,0.123853345026312,0.053237295036696,-0.0528832266193458
"195",-2.88948994856825,3.11924533008424,0.20120462500185,-0.341980567060353,-0.533468749583177,-0.096291432328243,0.485722612255978,0.0101164626169241,-0.0986913662863589
"196",-1.71003380768283,2.75375011563657,0.465176551698351,-1.1009293579573,0.336502682096902,-0.367989560166256,-0.0668953719231796,-0.0957674917474922,-0.0738627687229394
"197",-1.91929718319054,3.67423756703326,0.365045717759743,-0.324763525326477,-0.000951621963433869,-0.130286484388368,-0.0581448028396271,-0.164621468197236,-0.0380920062891537
"198",-1.39626171313786,2.94203120006901,0.658090232122966,0.37085722786994,0.0264642516004272,0.037785142968536,-0.16942164101912,-0.0449588772929856,0.000573941692262059
"199",-1.67917866032106,2.08041059455391,0.513057696062651,0.327963885024102,-0.644350688815232,0.612153755077809,0.779896326566945,0.568251399166299,-0.0208337392025872
"200",-0.137919332515762,2.44059420810554,0.157333016242219,0.188538298403117,-0.182052393643681,-0.132839880117003,0.0519546857073845,0.401101727755031,-0.0371806973914389
"201",-0.269229779342634,2.75746602789491,-0.0283210948973471,-0.0415594736336099,-0.067031107906072,-0.393363193129753,-0.161878627832923,0.244880438283701,-0.0669453319041814
"202",-1.00557581350122,2.33675474804435,-0.334773324013194,-0.293263264244782,-0.291492672872802,0.278221770591566,-0.0766536147259918,0.233914268093196,-0.0830183697798186
"203",-0.653794886066376,2.79448489135559,0.545362885451875,0.170958902741404,-0.275280482540717,-0.0716322626726748,-0.0179843768203986,0.331177588678044,-0.0190851676810303
"204",0.0160091860698881,2.58055089848639,-0.209606672084083,-0.0553292024565151,0.0288393044960215,-0.223843583355819,-0.133276015921701,0.194322352015912,0.0557325209863693
"205",1.18951750068918,-0.400463426982352,0.390432481764201,-0.258392340276902,-0.0346507139235799,0.0597097262689647,0.383127488030107,0.140123901796635,0.0145659359353188
"206",0.667095319534411,-0.691567787857186,-0.0572814511623936,-0.624700265908042,-0.187720636714069,0.402251719735594,0.086736834990189,0.264701242223899,-0.0659662590845859
"207",0.728585835593106,-0.785015683157363,-0.266147497094871,-0.630368481789609,-0.185765743103185,0.110643432530042,0.175530092091835,0.340276682103243,-0.0929422403487427
"208",1.40267375034446,-0.494536506781041,0.623334887449982,-0.186649686379499,-0.234163168779372,0.096712127813438,0.236538972090024,0.172788808502036,0.014461562128953
"209",0.899329966815777,-0.648114458405804,-0.267244680765546,-0.569792947678522,0.0717395605005785,0.28212962640681,0.40300610947021,0.0904455287344074,-0.0299344865698379
"210",1.86681297043386,-0.782666714306382,0.0651684787904441,-0.520783434559726,-0.372826424235016,-0.0509326851328322,-0.0410466954958957,-0.108296569286106,0.0271305849375843
"211",1.01438917191207,-1.09093619392254,-0.471536146706701,-0.78890395844751,-0.344207600464683,0.424087265351505,0.254817604252534,-0.105914447475894,0.226797953734641
"212",1.19010169891964,0.393992477692914,0.717565698820897,1.06328238849101,0.768769486650905,-0.610722925654368,-0.1388126104679,-0.00817053567061779,0.00718128022637632
"213",1.80175180039731,-0.00524763563379311,-0.696965905332509,-0.358648894613795,0.118138449890149,-0.194555628025148,0.0655421766150955,-0.28610498844653,-0.00155747008243595
"214",1.46494293371034,-0.406489805692566,-0.570927603328668,0.131507198156778,0.195074585850466,-0.254853207460226,0.12329108235348,-0.274222743783311,-0.0171766232122133
"215",1.0751607715942,-0.609989743854138,-0.591025020729739,0.17576959350052,0.097142519912243,-0.0500808317193079,0.417467924218989,-0.208102740118804,0.0510757942064612
"216",1.2636811819261,0.352870371849311,-0.366322522044947,-0.348700406711003,0.141960926904659,-0.159846333062969,-0.0648583449857288,-0.140450300488808,0.014056221173406
"217",1.23419373894164,-0.392163012412265,-0.711676602109614,-0.129620892507578,0.000456474356504082,-0.0539027920196879,0.718668385301459,0.000918300735404853,0.0397639324804855
"218",0.608825391516258,-0.120191677288741,0.062481584878968,0.293274398078219,0.151823070419153,0.211462296535056,0.189199437093174,-0.0519893947185094,0.0180595462651989
"219",1.92244309219802,-0.260220932146957,-0.180682610474022,-0.0330533561639176,-0.216139023255723,-0.110051735531266,0.147715394157016,-0.015485749699242,-0.0156461814925234
"220",0.570901347556195,0.0962791743400278,-1.36065961727577,-0.810409914231592,0.326471393900273,-0.0810635357681668,-0.0491916306351387,-0.015508989893637,-0.0846946927114076
"221",-0.0965486211241949,-0.353219612223032,-0.897767100821124,-0.179270590601274,0.301461800979728,0.294713241894733,0.243766733779718,-0.0263143795530698,-0.0362209957374967
"222",1.21293955431414,-0.0442080740265379,-0.633136511260371,-0.239035696404087,0.102845772182398,-0.21923527809685,0.313188350225731,0.0621215604721879,-0.0602106840262781
"223",1.69968561199427,-0.336526834520609,-0.0775778545558702,0.308481101223968,0.00313533707330658,-0.267155276539922,-0.00304621153404775,-0.257051865014859,0.0395288073316972
"224",1.46199865090424,0.527516399846063,0.230683802697896,-0.0990212567695921,0.0147668345153605,-0.252556372540556,-0.212525146483769,0.0090496111142778,0.0373464131868638
"225",1.47274804179538,-0.283132231956106,-0.185348795723202,0.0908782721767596,-0.157519164182182,-0.140000668484293,0.58767608502996,0.102249624142282,0.0502706175525634
"226",2.14750609176648,-0.167515501790226,0.329420404907445,0.168366647705143,-0.387702846847514,-0.171013206642114,0.00966228217986383,0.0689143147785175,0.010353227231037
"227",-6.44503420003565,-1.59059778732924,1.01100535018371,3.19758756415976,-1.39093963263418,0.148239015891011,0.255436797211435,-0.536507860577364,0.0781706589430387
"228",1.34990118356797,0.123033574908564,1.76801000864673,0.759760318024958,0.285151246573151,-0.419715931256836,-0.0174691300108485,0.511105059375219,0.0310216632741224
"229",1.52585329214433,0.0736026996099443,1.49742242613268,0.283600424089591,-0.0531972169428415,-0.19959144940944,0.183700093586988,0.539299615335566,0.0401901688208045
"230",1.47249433562411,-0.208741756060868,1.03475721270403,0.0398486319359678,-0.128151018303196,-0.0406100538663913,0.244233934759389,0.310137105328985,0.0354077295855057
"231",1.37159039432188,-0.524184622163834,0.557492685516229,-0.22010803446165,-0.236507951181375,0.107486915824398,0.237694246935655,0.165737773430491,0.00849188563579115
"232",1.14219108553573,-0.730353487729415,0.110310938836808,-0.443172966393775,-0.244184598528605,0.176424758217565,0.207403818125498,0.187183073133528,-0.0359736687527386
"233",-0.512254987585127,-0.0625597343717609,0.22942618809376,-0.787456197328954,-0.0597491400875201,0.634232733662201,0.0043840361409501,0.259520908766709,-0.0690143813172463
"234",-1.93370491484793,0.723351045093592,0.672504248323158,-0.9555495202334,-0.0594117059252535,0.66823801667326,-0.036846259846974,0.186241968232867,-0.0755932769748757
"235",-2.72691818133183,1.1092015295188,0.881844714060794,-1.08409891498668,-0.142782548478232,0.643919696118745,-0.0440091945947663,0.0816236578984069,-0.0802632692854967
"236",1.2650421044663,-0.580349310566129,0.371175530124854,-0.30934252830017,-0.215779077045247,0.124849968344027,0.258944484393235,0.14765208368661,-7.13311672431321e-05
"237",1.26840439873347,-0.64571589414249,0.772967935672009,-0.534715411857071,0.14594790172325,-0.0289106594875641,0.373458343176473,0.14472159180639,-0.0172570945656305
"238",-0.785312683187682,0.100174237241904,0.464116933280393,-1.0871923270719,0.592762981748545,0.5618794450656,0.359839827456032,0.0594865082581379,0.0270192954854985
"239",0.228045576727351,-0.700740126117116,-0.460557366942384,-1.12512208962022,0.580398219482527,0.111286688162031,0.651002676240542,0.019931749605487,0.00112738925543967
"240",-0.544452732145454,0.00154878652713682,0.124327979897348,-1.05625153722664,0.777301424156565,0.297380115888257,0.587789437293504,0.0720756097361816,-0.0203031241565236
"241",0.737468011718464,-0.730678668672206,-0.303844933156358,-0.621489413430622,-0.0792143163514184,0.142012601871434,0.255527937401883,0.285752853369248,-0.0843049393056822
"242",-0.411366512731212,-0.172877593791642,0.357076863346432,-1.04663443299165,0.457459417359975,0.415333758110533,0.321362336203753,0.136076165360843,-0.0421686514971628
"243",-3.17893539441524,1.11586884698181,0.440703221099818,-1.26055336548198,-0.167673034889776,0.1082222544053,0.157830513329014,0.10625800930024,-0.0883683317984309
"244",1.01138908389217,-0.921797655053846,0.0232540947584962,-0.893352398251024,0.218580809091759,0.116562956113431,0.532836761691609,-0.101225723998873,0.117711057949851
"245",1.01893849995979,-0.999023299414558,-0.0610526930293678,-0.939918690534771,0.187971211505964,0.158276261080763,0.519046966056505,-0.125604815243894,0.12251207612558
"246",0.930007571853604,-0.739409171627167,-0.43001260229878,-0.654413280692777,0.0171891515083575,0.236971418023194,0.521331744793627,-0.105160870723341,0.149826776943625
"247",1.62828743680172,-1.02408370547163,-0.259607578733822,-0.471659176889776,-0.25805128219019,0.00733819352870024,0.484167850834851,-0.0981881307497921,0.0838362617295306
"248",1.73041189709102,-1.16436681366957,-0.431650213038344,-0.518999057772839,-0.298787986636121,-0.0527741754859778,0.532486990955203,-0.151117990168583,0.126866418226929
"249",0.737280896290317,-0.59040634859478,-0.232003515460199,-0.602143122196758,0.0310020894168552,0.254319860416471,0.387679707869234,0.0856954846425811,-0.00255726976324392
"250",0.00203246616870427,0.51539067453637,0.424517854270805,2.17699523756877,0.279302991551896,-0.204444404346154,0.109830629440839,0.0655588413150135,0.0181687695514754
"251",-0.457648069086795,1.15423250589047,0.724277709963684,1.80787387983889,0.263339172178038,0.328140221020856,0.244399409830634,0.179527720112006,0.076570041425484
"252",0.337494941344516,1.94317199660596,0.46175901300045,1.40835746538901,0.697932747161737,-0.10473851458736,0.12421529989545,0.288512836914416,0.0698682244167547
"253",0.298373022230031,1.97270363048822,0.48940351136416,1.4095605920771,0.703036995859605,-0.0885386862554212,0.11463155627595,0.293376707930247,0.0552924259903839
"254",-2.39924563577724,0.113879195710587,-1.07141619676154,-0.148307332228319,-0.191532684759108,0.487083319686041,-0.507120266742228,-0.0475263569698716,0.0333928651408583
"255",0.806175841571825,-0.664983883150802,-1.29654467974851,0.925231200660183,-0.545566572062565,0.0858348545861759,-0.0959652794303065,-0.342636067965904,0.18453030753501
"256",1.18570869132012,-0.16099631513386,0.334586659947949,-0.400400490114548,-0.0835546567296386,-0.456850767771443,0.0516415528472212,0.198748825037632,-0.0277187610046014
"257",1.47767805564596,-0.460817222178997,-0.168252035893677,-0.545925098477308,0.0653151576806718,-0.15658136573303,0.213451971559729,-0.0739130074008959,-0.0104339588072015
"258",1.49204422986638,-0.340872834094057,0.460349962746942,-0.423512839501176,-0.183905535512542,0.0843768301752963,-0.0895582970857277,-0.0152291009339669,0.0235399515446603
"259",0.920111786171016,0.0534640990583031,0.693367758542606,-0.440187066876011,-0.0330077712387282,0.215506851978512,-0.149350018929661,0.0684673248460018,0.0240753539207063
"260",0.305852004162392,0.472689940137067,0.951472745952182,-0.461578763643891,0.0871261393827765,0.308327313370192,-0.195656928895305,0.12569561129466,0.026398525370178
"261",-1.04335060262628,1.24822251163785,1.39390949818413,-0.610791624046212,0.154288037441792,0.444251556768024,-0.254258851365464,0.0726455079693077,0.0275155520846123
"262",-2.57520070693425,1.95479872732412,1.7526807344302,-0.901340207694882,-0.0198346476553642,0.493627687399823,-0.264085939140941,-0.207077014471193,0.0250529790227355
"263",1.85450606834498,-0.636771598786997,0.2069062921831,-0.439383568826844,-0.293342882424995,-0.0971002361391773,-0.00642911419648553,-0.0777703155741045,0.0219325856721075
"264",1.84815290200591,-0.83500499789248,0.469471164171729,-0.761899354650498,0.0135821166353628,-0.105260179988802,0.0677227567650606,-0.148206213530801,0.000432019646535504
"265",2.10215778995084,-1.12777622387569,0.124533431229062,-0.814865324994358,-0.0816009420836782,-0.363815442894618,0.166419545428145,-0.170639169824298,-0.0106229049590253
"266",1.98713668388469,-0.922598521759357,-0.296639130667112,-0.587492991037819,-0.291970239400541,-0.19499568776086,0.152775579744249,-0.216676879373112,0.0559258109152879
"267",1.73056910960288,-1.15105688657789,-0.132932167077478,-1.02040578992362,-0.0195704933655022,-0.117168531449295,0.124873233943174,-0.216957908606713,0.0244506434128042
"268",1.80540064042548,-1.11142219783171,-0.0893081751431587,-0.967596433580793,-0.00353075260795545,-0.225211431010827,0.190607098300557,-0.236158130284245,0.0413644857031225
"269",1.47766210779481,-0.460848967318104,-0.168272741621049,-0.545972534613669,0.0652941778433866,-0.156450435753458,0.213438992117655,-0.073997608671393,-0.0103920921416198
"270",1.00757007683114,0.0371353359044016,0.470744483831432,-0.412348784111088,0.0819863246907249,-0.102253919341119,0.0387007595721488,0.101398133507454,0.00893288314296166
"271",-0.141990521996542,-0.0435666892425996,0.39940575808961,-1.19530561704857,0.376951515565583,0.323946878097938,-0.0610444157790266,-0.0301139927572138,0.0397108125855032
"272",-0.0176423790557757,-0.219611652315556,0.190141618162873,-1.23661266319919,0.312354142955242,0.155361093872887,-0.0123395085369195,-0.0281688713071142,0.0957281766325768
"273",0.919186920763334,-0.825396573743597,0.161171266150303,-1.12620876140873,-0.00936009635545433,0.226783696849192,-0.222812080540606,0.0483525966804993,-0.0563758086864668
"274",1.03559570434215,-0.899783796914296,0.105766773321993,-1.11152164831964,-0.0303326973461185,0.148082472291572,-0.204132344312862,0.0645139790739385,-0.0623387058582953
"275",0.816129738218281,-0.908348308822722,-0.0886855648707056,-1.24476948082991,0.0217399188595037,0.265298925262444,-0.172911964667618,-0.017062965375036,-0.0121730324509435
"276",0.312226914070589,-0.623808788035501,0.0376138323900908,-1.32351011765953,0.134983007704385,0.506038510772861,-0.217680713653578,-0.0496780038601486,0.00951786953537311
"277",0.0506190716526283,-0.507416536846316,-0.260454494505279,-1.37290024503347,0.325829593805779,0.16055336983154,-0.00413658029232248,0.0116508836566998,-0.0070717649561399
"278",0.955477745443434,-1.62061584640045,0.116921856250311,-0.68073459112135,-0.217342431871594,0.0447120066188543,-0.219166744163906,0.0194879048375603,-0.0194242274806201
"279",1.0590244378732,-0.648116789333364,-0.404592258759599,-0.739037368338215,-0.142942798387926,-0.25481340504446,-0.0575746946530927,0.245061776351241,-0.1138096875785
"280",1.09181324697258,-1.19531265904689,0.0837610981936339,-1.00808017285294,0.812879787582285,-0.403621403432256,0.0725765980717224,-0.232967047573615,-0.123932069572085
"281",1.19495152540218,-0.423175085749378,-0.151389091342556,-1.20050523047475,0.483808203203901,-0.111508246405396,-0.11143860468013,-0.22083186440216,-0.060845762783629
"282",1.39465919698175,-0.636233703910165,0.423780268351574,-0.276579079772582,-0.305419768414213,0.0441833354418159,0.256067982518913,0.131560323258954,0.0380877907598539
"283",-0.461502329615771,0.340657393304603,0.648370482096098,-0.529226203838919,0.0360429512614312,0.161191933632982,0.240039892406984,0.241490897381704,0.102099283516429
"284",1.52465382314769,-0.717350122226029,0.308122423409724,-0.274764877404271,-0.291644501177135,-0.0287326862860271,0.321068437401629,0.105517239312972,0.0307607562435141
"285",0.685419037247515,-0.415138655471045,0.214396316266521,-0.498438300275602,-0.0923223926855284,0.316232045349308,0.258030436741046,0.104969010078939,0.0419849690016581
"286",1.45778147259826,-0.991398752394267,-0.137381356879304,-0.492862104692993,-0.337708756716741,0.09278322021782,0.328596263470925,0.0064276595008511,0.0494497494907247
"287",1.1703137404443,-1.16272195047993,-0.624884645542615,-0.743689318949748,-0.315559204283636,0.134136993212303,0.364718206431747,-0.0396164059654436,0.14856037081162
"288",0.556883749752257,-1.42982209985686,1.00521151528559,0.0596697290295693,0.0696669311960667,0.300448476033023,-0.0955087710269435,-0.174228896423605,0.0384395364859645
"289",1.84385222557049,-1.21391179620518,-0.439098174557555,-0.462597949091718,-0.309471460764808,-0.183529240744786,0.509470440727291,-0.02610995656164,0.0257499245544852
"290",-3.50594534649843,-1.11435053788615,2.40039144964878,-0.34219399872145,-0.64367193113718,0.289558514327552,-0.408463992645403,-0.00748785956938718,-0.050445239468923
"291",0.681909305372924,-2.68995757392511,1.10672083994166,0.121934033175087,-0.0634746784215139,0.0224039809805149,-0.16037823508647,-0.167249207499426,-0.0128586278130759
"292",-2.84421649677474,-1.32675005792878,2.19352516092543,-0.16669330401081,-0.479551510581249,0.0176625596609122,-0.246137564115133,0.109126804367772,-0.0840007495092545
"293",2.45776490620093,-0.747398538918857,-0.0345864702420551,-0.566841990431213,-0.376522344623827,-0.424291706916242,-0.291878960238579,-0.196738222885191,-0.0219825112587257
"294",2.14091346788415,-0.587597412821396,-0.00960253779654992,-0.628979923353208,-0.261863393264073,-0.226983923034107,-0.3286935135093,-0.19237290108089,-0.0197909554652925
"295",1.34902941275949,0.0803521216226115,-0.352166761510062,-0.687846757600463,0.551801572445213,-0.301346846555749,0.139889602406936,-0.216130997658625,-0.0384447733782492
"296",1.67872450106448,-0.382140099859593,-0.326351357372883,-0.750419486608538,0.0400883082628562,-0.296630307448661,-0.135678892666876,-0.197886127721719,-0.0195037319194488
"297",1.29055452893584,-0.0968575341517095,-0.00119568812265243,-0.720783015344871,0.0399978580178882,-0.232847936934037,-0.269100747554764,-0.0768843823218406,-0.0302363945568587
"298",2.01456754229676,-0.825042396420786,0.307022087775718,-0.418494122984977,-0.555081614820684,-0.174662902823595,-0.182831604189693,0.0347574054181256,-0.0114983363537889
"299",1.008858845561,0.177170853710618,0.299112679958846,-0.709116942455837,0.138514259549729,0.112339214931065,-0.361517886856452,-0.117407088170942,-0.00449112692295602
"300",1.81271607806244,-0.361612490685469,-0.0337362973303123,-0.687686481902813,-0.0418394002983608,-0.0304031516103217,-0.261366806567707,-0.261081896649083,-0.000904653309374649
"301",1.76144286042178,-0.319201370586848,-0.161357030463397,-0.655286950744164,0.0992641448443578,-0.22450435986656,-0.213054982241076,-0.0795929942806957,-0.0802624883079466
"302",2.04034834159313,-0.606422400988201,0.00324006130965596,-0.676380663236228,-0.311574079747581,-0.127747041605744,-0.412345333680951,-0.174182579703791,-0.0169509955898284
"303",2.07564318702267,-0.832942179014716,-0.567457237798325,-0.823181672942585,-0.251820348546896,-0.386524535092677,-0.189692076976268,-0.257952585211928,0.0164792672516168
"304",0.47787597885152,0.464660749902895,0.49608742891084,-0.718250886356585,0.0873550281828459,-0.125568214103999,-0.420141330125143,0.0446584613371762,-0.0289713757787821
"305",1.47617845561823,-0.379682079701756,-0.0962701259418124,-0.831073129358898,-0.110364809525302,0.146626069409715,-0.412560839416087,-0.210191024559482,-0.000807183115804492
"306",1.62389040647313,-0.480851827487695,-0.147771640381753,-0.802904140321311,-0.155906732260696,0.0234796664120553,-0.416799159353871,-0.146735027137291,-0.0273279918311319
"307",2.00274071894609,-0.728298772582959,-0.407893152478569,-0.796662933435374,-0.2234610529351,-0.242330124722531,-0.249248429506943,-0.251896256469892,0.00615436856093305
"308",0.305852004162392,0.472689940137067,0.951472745952182,-0.461578763643891,0.0871261393827765,0.308327313370192,-0.195656928895305,0.12569561129466,0.026398525370178
"309",-0.349603279535454,0.868582339269567,1.18207902440438,-0.519786511939765,0.148994131353562,0.385440138646504,-0.232296945258528,0.128942064839274,0.0257860689089316
"310",-1.04335060262628,1.24822251163785,1.39390949818413,-0.610791624046212,0.154288037441792,0.444251556768024,-0.254258851365464,0.0726455079693077,0.0275155520846123
"311",-2.57520070693425,1.95479872732412,1.7526807344302,-0.901340207694882,-0.0198346476553642,0.493627687399823,-0.264085939140941,-0.207077014471193,0.0250529790227355
"312",1.80543592684195,-1.11152984751499,-0.0894236837248537,-0.967655083580069,-0.00357413064612485,-0.225171242674384,0.190607551123468,-0.236211726559244,0.0413952335371554
"313",-0.426715925516211,-0.0278387370713544,0.211621058766751,-1.34232895840047,0.448763712535395,0.491614020410197,-0.054434561096902,-0.0936983477892397,0.0906870884573101
"314",-0.259317049899467,-0.00443940088910998,0.0130844817889522,-1.27665382512283,0.657511183531006,0.260052151135101,0.171359947499563,-0.0951050464158017,0.0500473116891227
"315",1.00757007683114,0.0371353359044016,0.470744483831432,-0.412348784111088,0.0819863246907249,-0.102253919341119,0.0387007595721488,0.101398133507454,0.00893288314296166
"316",-0.141973141478371,-0.0435778524963696,0.399395203968913,-1.19530673450419,0.376956622763994,0.323962120452273,-0.0610438666100479,-0.0301186302860593,0.0397065200197004
"317",-2.98975811621915,1.96649849974003,1.32383627852506,-1.06967438016475,-0.0565401516045087,-0.0660664507898411,-0.0228270419163347,-0.238794007511273,0.0397312130430426
"318",2.0141887622334,-1.12771281227344,-0.172681358879015,-0.16000106936441,-0.0940139249393308,-0.388883351648212,-0.107245275912347,-0.260772711718818,-0.0289258737219531
"319",0.592065971325872,-0.0411450433750151,0.356055003265941,-0.698084202776212,0.00815968738660399,0.566627347778065,-0.164774724985875,-0.0977398444027637,0.0788433483358782
"320",1.27882507719649,-0.841324621778148,-0.0149637128911734,-1.03218060190555,0.147620544074912,-0.0611395179813202,0.107121563990514,-0.119205730817479,-0.00113156279047246
"321",1.07554054193727,-0.587754629768449,-0.368979109597071,-0.827979169446334,-0.0493150259047091,0.274960749163622,0.0439417109970723,-0.197484702755106,0.0876850021161686
"322",0.851204732471001,-0.28996754071008,-0.832613691090782,-0.584852609712133,-0.148773572357216,0.351920077651901,0.0739710335540986,-0.159325156461076,0.107020454912369
"323",-0.730473378654723,1.46030515875481,-1.05488572582218,0.562470520791964,0.606107941944777,-0.0348023943616211,0.328464881387861,-0.0892237741274293,-0.0687626460376364
"324",-1.12677959253581,1.02889183677661,-0.960822552777502,1.00165890282941,0.613519490386484,-0.0883162957913876,0.38667284438415,-0.142233533529631,-0.0754079747216866
"325",-1.33823081888453,2.79908169439882,0.645926759195509,0.172739800422839,-0.284929842650155,0.378045040344784,0.266874936901871,0.299616364058716,0.00354774916308992
"326",-2.15167083222816,2.99772000031302,0.000667135670208175,-0.426281354637865,-0.381203014972292,0.0302125145088162,0.0462593575273649,0.0355098521052763,-0.087593516246267
"327",-1.2797583084144,3.32149360237137,0.488322751187519,-0.192475005718362,-0.183020266573532,-0.0350840379639388,-0.289588415574875,0.0113404839163512,-0.0258828656514564
"328",-4.06518030059328,2.78673006924855,-0.32286923472314,-0.691408116828824,-0.856443127720746,-0.0436346804791143,0.724583479065055,0.0743724321815291,-0.0917048991788128
"329",-2.36010565999355,3.57974728371048,0.0192735394279313,-0.566132749729287,-0.17541501722679,-0.358686384966633,-0.0122816066744254,-0.230505217930325,-0.0169546750677102
"330",-1.9293864591866,0.528268835409619,-0.339970243455506,0.56198604114085,0.295729207684287,0.488709300448847,0.242036855517431,-0.0825784426351863,-0.0425229205394145
"331",-2.48896723084485,1.32131809597867,-1.38629147916959,0.199227095349124,0.52639585232111,0.525149517139205,-0.282856963286183,-0.375263733479135,-0.0902372940560573
"332",0.882124157635095,0.0360183273145967,-1.19541261054284,0.789843872077249,-0.142734492582001,0.275693403659762,0.427345258209229,-0.212788966959643,0.0951277644334179
"333",-0.588783035421601,-0.56981836057569,-0.629680282912046,1.06653694719999,0.143246069774984,0.0476128206974029,-0.00637810582401211,-0.172426825380477,-0.0302326617367805
"334",-0.616376647612817,-0.330744253535988,-1.38664795486011,0.34602997878828,0.238361058066964,0.0552372197852562,-0.0665366620541805,0.035051396367153,-0.127847397319349
"335",-0.655955870303758,-1.00088741058492,-1.16947342637844,0.833144654598515,0.0663510092526405,0.175857587126659,-0.211143475233612,0.0463162661509635,-0.11369472208384
"336",-0.643131597737396,-0.613746977278784,-0.958463723849926,0.967407335521302,0.305477911344984,0.0675970943816202,0.148382467820848,-0.27250988359379,0.0253253635191615
"337",-0.864294009976869,-1.4268742411433,-0.798743033934109,0.647619966325148,0.157714123294952,0.154416582975896,0.178102982160249,0.0542534779230599,-0.0708898798597359
"338",-0.784431804662777,-0.753669962625376,-1.12627190537368,1.1456013613197,-0.500295378196842,0.24650219365898,-0.434139929487557,0.0581365913920166,-0.0511468750528229
"339",-0.962198515191137,-1.51607427640016,-1.00087627653166,1.28547680210808,-0.0376096983915096,0.152138929145892,-0.252143805073273,0.0356144905194733,-0.111458450502316
"340",0.0865497828329074,0.201530591034589,-1.65824316254134,0.283090593250413,-0.191450304155034,0.0975179757131921,-0.154064348226547,0.0101431038543756,-0.0288171314326988
"341",-0.738720005721671,-0.975063242649639,-1.52666332720323,0.757481992932318,0.389957351149458,0.275829366598566,-0.0456952152375355,0.0149376623713688,-0.105654818325492
"342",-0.896280468987612,-0.862753078668992,-2.02310836903826,0.936652486681486,0.0835816855202335,0.371442461607094,-0.112978778230381,0.0249735483889184,-0.0319066425577523
"343",-0.752537327101531,-0.657429661551695,-1.70074782983376,1.09476423075044,0.105776394952695,0.298269792851164,0.000102492331159274,-0.105565269300806,-0.0306162452176641
"344",-0.432833289837971,-0.248813556399117,-1.69105063444618,0.643645630109306,-0.0764020587596361,0.272543636028782,-0.152063409147873,-0.0106712543822439,-0.0398733222519088
"345",-3.76538212852939,1.42740908387399,0.391999102103201,0.42420358153718,0.110052156694817,0.31122286103144,-0.443046141988883,-0.725084289407524,0.111337899395678
"346",-1.56757079943506,2.21807689302724,0.055373965943506,0.646336854217549,0.422776864719465,0.35993041218079,0.0381380886045274,-0.187407929060316,0.0381294687783002
"347",-3.88137814509975,1.67406208715862,0.30719022978946,0.578834780699972,-0.55071620935613,0.544304990162039,-0.031675226880423,-0.373921547768958,0.150801187447019
"348",0.116701855458483,0.502999503310936,-0.0151197335137011,1.67093117010754,0.134850178351224,0.0793959547508009,0.385828584478834,0.106664724103254,0.0304624231456488
"349",1.44943540378452,0.530631666783548,-0.601621962733106,0.357444103496614,0.132242533086257,-0.3844393866922,0.522240736480402,0.0679703926928595,0.0287387060816049
"350",-8.3304831013633,-5.04863528399095,3.50403264761466,-1.22871477936368,-0.110703247008761,-0.146233462666952,0.513501924980315,0.172284434176396,-0.344847619512918
"351",1.40251466704166,-1.46331632632908,-0.117060365023291,-0.394459659621337,-0.668088032966893,0.19868819708293,0.46027540443272,0.217665758535663,0.0564529547352636
"352",1.75620037204475,0.5732155700126,0.459064981816133,0.561060232301832,0.564862132498592,-0.663060289737059,-0.205560332842646,-0.0134987511681552,-0.000453133701438877
"353",1.52201456289908,1.42377454687562,0.754236003037857,0.141229641222389,0.569961231638582,-0.619974339431005,-0.413562536348992,0.227226894615482,-0.00392402606431951
"354",-0.594824500006033,-1.81825962895692,-0.213143226565286,2.63879265606828,-0.579111965986226,0.285891408456891,0.118460975582472,-0.152065556180271,0.0982961554849882
"355",-3.98014294725889,-2.02762062145467,0.449335132226466,3.17976173590682,-0.97836918589829,0.322635078198652,0.213262286544054,-0.0799360660375675,0.0893182279168121
"356",-10.042971330574,-3.87576693780748,-0.197470751798772,3.06654772678543,-2.89711017233959,-0.343869102801837,0.0131469332262082,0.413464767752489,-0.212282993071923
"357",-0.320253014462828,-0.111314416455423,-0.658318355910554,-0.84489405358808,0.495164475040142,0.123823925210952,0.677711209389401,0.0759224151698519,0.0694017216910404
"358",-2.67133122489127,0.691033658555768,-0.499411140981386,-1.3860324456585,0.399700086331358,0.392858948755325,0.4029334692182,0.105517772484176,0.111387723202388
"359",-1.3015960613335,-0.781883091550505,-0.792623856745883,0.673467581833676,-0.179856624885404,0.580502727358675,-0.475425926049502,-0.0809064836425227,-0.025550848628825
"360",-0.340534505757285,-0.467982960187221,-1.1673426662014,0.0937852914064688,0.739433753440928,0.0841526133127812,0.271276374434767,-0.299563060805496,-0.0274969859923913
"361",0.500118909095891,0.0753906848215723,-1.22942585224046,0.1632452280155,0.265093550109566,0.0422778792976218,0.0513418456319287,-0.100417276070317,-0.0665880146136162
"362",0.281134752584844,-0.291718558316555,-1.07375231278983,0.270287615896554,-0.124989627989077,0.0847130539452062,0.145109978734492,0.142433452385148,-0.0643432377971295
"363",-0.877029959776857,-0.219777386590863,-0.622961155371763,0.326126956589911,-0.264972307510657,0.530040367586252,-0.508459209121264,-0.0854071692216226,0.0032277851253395
"364",-0.691198453550875,-0.716621733459002,-0.699914644325314,0.976327138713116,-0.0339480505469499,0.0435327130398076,-0.152641042034988,-0.0861521359287012,-0.0570845848496
"365",-0.605855687880202,-1.10151145541394,-0.393642707791531,1.20435490484906,-0.434893497027147,0.0672883070775818,-0.0389010736144312,0.133004117168473,-0.0533012681048102
"366",-0.643233448183935,-1.06414770553082,-0.573270051684025,0.581104532525896,0.207692082668514,0.0932980260249134,-0.100096784274692,-0.2041292148188,-0.0104585342830091
"367",1.6873870937514,0.414727347853115,-0.574239387864573,0.0570417678489372,-0.21897750174217,-0.119266936037581,-0.10259431844391,-0.176717953529228,0.0631876833482692
"368",1.36667057384731,0.158016451991682,0.236323564771609,1.74655609068256,-0.343641553606006,-0.231603419038112,-0.144633750573534,0.0228046206442401,0.125975405472197
"369",2.04860634925835,-0.960539220563206,0.584297187566783,-0.164434631020531,-0.610252694119161,0.0315108292061003,0.17274461326743,0.0379715155744315,0.0616147061308807
"370",2.38942679963697,-0.83562887684627,0.232659022396844,-0.309858390055081,-0.422420740605649,-0.335871884405132,0.0684935581279675,-0.119112034071454,0.0198977105100115
"371",1.08458015506649,-0.971543053593453,-0.0606236820915382,-1.13595923729212,-0.00289542962822021,0.0437197275343309,-0.134311319064026,0.0623620929740452,-0.0598589339960331
"372",0.414488496543026,-0.533933014803038,0.29538937674509,-1.20206451778949,0.102775051159302,0.462921573135034,-0.263016916216445,0.0100198133623028,-0.0372467758451231
"373",0.137182705463695,3.26146786065873,-0.00982178004533814,0.0539992029700213,0.456714549674948,-0.711254881406191,-0.202712778374398,0.208444379597692,-0.0463672105894373
"374",0.590317102898128,3.07771841338101,-0.118564593483392,0.11937651918294,0.61852738937909,-0.456324421374053,-0.215534565546838,0.229916950658925,-0.0204717761400396
"375",1.24141089287378,2.72681891202827,-0.146394354426776,0.20746756695919,0.527171928693502,-0.32684346958773,-0.305842045664938,0.248517190233378,0.00330738162691475
"376",0.319321185856182,2.92837751184222,0.369396643200643,0.263275435996068,0.37381972720919,0.171222083669309,-0.202477478068146,0.303541177125686,0.0378644819177801
"377",-1.38818091568527,3.70833709194034,0.748295606875797,-0.112633429429462,0.309182554592691,0.665763199936657,-0.276169008118854,-0.0900920009037882,0.0663776117284247
"378",2.14501475204328,0.571037957497956,0.775670162195355,0.316739110503856,-0.0475486963391514,-0.608280364942323,-0.280816649880726,0.295928126725223,-0.0110526477832319
"379",1.86797132860359,0.214461908792381,0.510883704012711,-0.0257417955556215,-0.454130624025279,-0.295921073438922,-0.49254486386447,0.0870522383473418,0.0209452470206729
"380",1.19125381647369,-0.875084502405069,-0.140422994410262,-0.479301505919751,-0.227439848073066,0.012242066518295,0.224165995400065,0.308681378254187,-0.0851610131455924
"381",1.48301770653661,0.276159389261953,-0.598968565511993,0.824051998862372,-0.559784352549617,0.017144669923953,0.439277730317961,0.323123334954268,-0.0098737952642102
"382",1.2977224393798,0.429205093204903,-0.397982683685231,1.29456892263049,-0.0725949296333376,-0.175739125882368,0.422508683725285,0.113244500110492,0.0309236001197085
"383",1.47915829131419,0.976531097697933,-0.283646064941377,0.538080102817198,-0.464542914677631,0.0532196276411352,-0.358412222290741,0.0693897080785198,0.0261256389206276
"384",1.839718474084,-0.867843697647203,0.0303851746743041,-0.530275188092784,-0.458246349916618,-0.158433992660388,-0.144832335848662,0.0590160831492488,-0.0314584485076371
"385",0.708657578619658,-3.51433937926145,2.56730580255377,1.27475111466224,0.117783219527266,-0.510588999927485,-0.043809846881304,-0.105407508610175,-0.0270449977533719
"386",1.44660761793361,0.704593797941724,-0.649838424289502,0.650684278403622,-0.273472808816002,0.0616877290602342,0.242422511633171,0.0738173410420821,0.0343416487015753
"387",1.84202541370063,1.03431016629494,-0.540497998316569,0.68560293015095,-0.101609492387368,-0.296548148628777,0.0248707823457692,0.0407678939944537,0.0251798452447866
"388",1.45778147259826,-0.991398752394267,-0.137381356879304,-0.492862104692993,-0.337708756716741,0.09278322021782,0.328596263470925,0.0064276595008511,0.0494497494907247
"389",1.42394308642737,0.105877056688825,-0.215135759113657,1.51911372942491,-0.246132205368258,-0.00623596054331519,0.670258210242462,0.227270938270112,0.0428986114051179
"390",1.98498213320545,1.00866427655252,-0.42389901195089,0.410516290211316,-0.436090887792486,-0.0563887789450709,-0.624266171562115,-0.146631682313325,0.0392847058253846
"391",1.26215913614124,-0.498982442181061,0.589573169160987,-0.26819108092471,-0.261442376395765,0.22953892655685,0.204379156518078,0.105638466308566,0.0672216019482598
"392",0.999320891995255,-3.16379003507607,1.35794111957897,0.83421299863409,0.0450905262881738,-0.207920551378304,0.0671248104307527,-0.258417883620214,-0.0335028800667282
"393",1.58159043977352,0.592472567703394,-0.872201257546628,0.667660352810023,-0.265380614507294,-0.277799175652907,0.356455513100348,0.152266601474038,-0.0121358075776083
"394",0.683799594134093,-4.65077914350381,2.45808476729469,1.93713379127657,0.0675967288623614,-0.391793372920552,-0.304153634874466,-0.525055270638215,-0.0181769837937405
"395",1.93222492119391,-0.0839717462055471,1.43615499642725,0.533814149088254,0.140173657459338,-0.555583373795718,-0.320718360674477,0.247152952425702,0.00592120477138804
"396",0.487806683938432,-0.726413082407921,-0.426280845309069,-0.798561018180309,-0.122598326024291,0.322498394473743,0.319949196171872,0.0136474221992203,0.168709595486449
"397",1.16384176745054,-0.749132106321224,0.106913579524643,-1.0484897065901,0.170616101641734,0.151779795924595,0.0550354596690866,-0.175778454925247,0.0268113724192263
"398",1.7118579330746,-0.496617354400307,0.169940100331121,-0.420901344792263,-0.128369306844279,-0.153704019669256,0.0584769579751926,-0.00750536914820959,-0.0210772064040153
"399",-2.98567102526401,-1.53180661881312,2.28775049023876,0.00424730675864436,-0.564273795708236,0.116573367403627,0.0636543381211746,0.238761878569893,-0.0779191767425416
"400",-2.39826162383283,-0.630690847416027,2.84154096415631,-0.041333759417636,0.069028216005419,0.79730949813415,-0.56333993121372,-0.249374742637933,0.069884244881343
"401",-0.282276444694051,-2.26594766022282,1.10469526751889,-0.0608584692592357,0.151412451979761,0.232189392528256,-0.220212802554958,-0.0831874866305347,-0.0448167190585644
"402",-0.721208777916977,-2.0713906784689,1.18223487222189,-0.134603894539402,0.162670837645357,0.280051705739039,-0.26745016838331,-0.0618663914179013,-0.0394104830760337
"403",-0.388688237357481,-1.81283520406236,2.17187333128284,0.171135445810208,-0.0239144140916171,0.667863109570537,-0.524684530262283,-0.133630439978541,0.0400631670919408
"404",1.81346249020402,-0.910875239543422,-0.476745604269009,-0.6582666928165,-0.19240973464273,-0.192544164018361,0.174968071386848,-0.163417202820249,0.0259759923503885
"405",1.60447057445404,-0.901477295558698,-0.55636755983441,-0.716086930613411,-0.159041438338968,-0.165559678267734,0.0888744382540496,-0.0202078978391689,-0.0182231893667541
"406",-0.219506974382649,0.0203230613844714,-1.21095679905094,0.576947079450253,0.700762267676956,0.154930509287598,0.385885983173701,-0.355873744690353,0.00997572670441829
"407",-0.975907069209725,-1.48303951157101,-0.99529648856267,0.56649519874887,0.196834786640045,0.147171309482821,0.185955190243993,0.0895968346081675,-0.0756329308394858
"408",1.61547088756739,-1.03926961670251,-0.00321046987727499,-0.404815843113104,-0.397490436276239,0.0593892758063252,0.213893513860375,0.160802067159304,-0.0254351850098287
"409",0.313999448350564,-2.21870517589743,1.36184938786121,0.17832979230812,0.254492613082187,0.237952623700046,-0.0555669326810706,-0.251108016082492,0.0195343207540314
"410",-3.49826298286111,3.16663823102886,-0.656016619839342,-0.941826180786527,-0.461552375063054,-0.308461538582497,0.236472289462272,-0.13021421101999,-0.12523539168702
"411",-2.29490215894071,3.34850434367521,0.129331170161671,-0.178058122010662,0.0356454286380966,-0.368473184123063,-0.257192655793991,-0.41018053522497,0.00324034608520867
"412",-3.34851943329089,3.47492170931456,-0.0202824809552492,-0.700087450535076,-0.563612782851271,-0.430901442004775,0.281539347520277,-0.253699221480963,-0.0409795693839697
"413",-3.27338744044979,3.23220516461482,0.215964275824245,-0.464648654501763,-0.599846193432406,-0.0404929458701859,0.481194837105427,-0.1023843620948,0.00115755080570464
"414",-2.82662738449698,2.95374941420389,0.45142678350852,0.0721870911541234,-0.337126969628136,-0.0478460499349344,0.227388331949249,-0.215580410747972,0.0415327397563748
"415",0.402218568026364,2.94021137100756,0.540279026091901,0.342011014546765,0.270241094524135,0.0342753112143337,-0.253844172016051,0.378504411795416,0.0495319551697314
"416",1.33158534966505,2.29679214049277,0.912856176860703,0.824894318724665,-0.0805286371432922,-0.0345201379503763,-0.165180425603631,0.782384145425076,0.0733167739873244
"417",-1.96093146310259,3.2272714559552,0.324506981018719,-0.220113844539099,-0.289694518797113,-0.158859932329964,0.177969361883673,0.00677206661379342,0.0746840204959191
"418",-0.854566134464276,3.44702671920896,0.619644945294908,0.0261337239429083,0.234759120397393,0.234132487261607,-0.219324113357462,0.0850138152395604,0.0265577999801202
"419",-2.59298776818183,2.42240491003164,0.439886355072523,-0.994976018101441,0.11512822370945,-0.151153358337096,0.573271979806281,0.0591048141387636,-0.0848423369602656
"420",-2.72014542775017,3.50414562266707,0.0895356413662098,-0.439543655341448,-0.167268066708093,-0.180783369244978,0.347083478713568,-0.160846933237427,-0.0873532072287083
"421",-4.59857027905003,3.42154065157023,0.317118881415125,-0.597653489233192,-1.03005199790547,-0.444057127588456,0.976802768078681,-0.296073640649656,0.0774917989914056
"422",-0.51309628061829,2.15068119593397,1.12690441085504,1.10929250443723,-0.30974598444322,-0.104002468939293,0.311237176004418,0.561189174286905,0.0229952133063294
"423",1.35027489393495,-0.43407248930795,1.25413825899933,0.239897435898103,-0.326787084114999,0.0201604893144785,0.460166156298545,0.508875934617239,0.0347582496048465
"424",0.83582175849846,-0.571314863015002,-0.0449606392395316,-0.502824917734995,-0.0606525201647434,0.106777466618331,0.323861441797252,0.199233381567783,-0.0474355842840135
"425",0.83264225835483,-0.673652842972367,-0.181446887089288,-0.538868430623997,-0.0368567211691566,0.141035280731009,0.248454322908298,0.329700189439067,-0.111605859883608
"426",1.60967450952508,-0.93537571620881,-0.372627330998362,-0.730697890285664,-0.334000370562057,-0.0156169190192805,-0.0344495783432045,-0.0880879733214594,0.0301778963794008
"427",1.19695330098634,-0.717809277083466,-0.00578092062688818,-0.479231335644664,-0.155568138336698,0.22777733759621,0.376829024642848,-0.0327602161031134,0.0834798967185879
"428",1.12018382834296,-0.88830988209739,-0.288865537111227,-0.632234559166694,-0.198929318439419,0.299351593431726,0.379355345090103,-0.104296136848578,0.148156030025391
"429",1.43981302720005,0.296721967317364,0.354521716348031,0.590623922952984,0.453358893944805,-0.466692703771033,0.110988650415879,0.0250094220770077,0.000409434706686191
"430",1.02700013574184,0.194548981650816,-1.17106276114659,-0.59650945899604,0.438736882434189,-0.22618589505888,0.174539154821304,-0.170609150645216,-0.0521509197331995
"431",0.68937117175216,-0.290021489243079,-1.13222607516023,-0.169357997923382,0.466473482272563,-0.223542837298622,0.226949235790478,-0.227463877889217,-0.0371937372555043
"432",0.186107589470901,-0.461975369958209,-1.11884640732074,-0.149040647029431,0.375205581310989,0.081415659945726,0.451342129473948,-0.119773321343856,0.0107382413533763
"433",0.392777856329369,-0.256246594268202,-1.26085443972214,-0.432200063710816,0.277705583473661,-0.0254152543500871,0.782253210077536,0.114429734603246,-0.00939741330107888
"434",2.02175870042085,0.117382215334738,-0.153324847115571,-0.141251091423732,-0.0418072087747515,-0.263271794518897,-0.0685706848094657,-0.196099416925838,0.0252282248733768
"435",1.31370418347143,-0.502383198722665,-0.0660466672328883,0.395110769868113,-0.0611614205040015,-0.133435441723131,0.285874003513447,-0.107825906971041,0.0622494824767298
"436",0.815267250303288,0.025866432584742,0.634661149880444,0.518033337074876,0.00957670009681339,0.168666797020737,0.0437622833136932,0.049622371975789,0.0701975165553575
"437",0.111171513691388,-0.426117020137299,0.0345205267739616,-0.723089777069709,-0.119301590821489,0.56009114265216,0.0353528048234716,0.260456813656931,-0.0670980776421467
"438",-1.19424665808254,0.32619300761446,0.448207400216879,-0.860978616645064,-0.0347801604024402,0.669932414958226,-0.0210635148445478,0.240839211946482,-0.070343154748932
"439",1.25240623560365,-0.548061786834606,0.878195101925148,-0.475754801752992,0.187540411137699,-0.0839576336477888,0.383935285877472,0.19013035793322,-0.0193503783945722
"440",1.04764961198654,-0.616343868490513,0.559810463671907,-0.628816553777934,0.244566434345769,-0.0536967414110315,0.442436204461789,0.140467755744828,-0.0309594990805632
"441",1.19062581707311,-0.439694501753829,0.7183184075831,0.228560978579418,0.203705567308941,-0.0851724964304082,0.169128503144936,0.00293500001818539,0.0197540155281471
"442",1.07118275084215,-0.657075042219489,0.516513364370294,-0.647557695107757,0.227494325351485,-0.0493309512513267,0.450586619303602,0.114567609019376,-0.0159400959647318
"443",0.737250261045722,-0.590458378737523,-0.232066858479817,-0.602178855658809,0.0309803518260628,0.254334700330733,0.387645828279485,0.0857249409651256,-0.00256788987810078
"444",-0.0691145807253872,1.54214257234081,0.602213464134199,1.86085651072779,0.682678827853507,-0.196547975418331,0.196923275091552,0.214595081864213,0.0574800227153246
"445",0.119947676473572,1.31178919689222,0.489513244815823,1.80277296895099,0.567824242447983,-0.0603090687165956,0.128912991174075,0.155424729145697,0.056470517574454
"446",-0.861916034121353,-1.69646012750459,-0.360193411240869,0.354745657515283,0.196102887571945,-0.0355126662820759,0.101857045426791,0.10301708456942,-0.111414426483766
"447",-1.88382492521394,-0.422235182342133,-2.18324216643531,-0.266286849158775,0.236577535628601,0.281976709292504,-0.212305973478777,0.104167583685128,-0.0196236874926817
"448",-0.546424924063633,-1.36688203644685,-0.815979658379867,0.518229802233348,0.131059888307319,0.10819197306903,-0.306508242211884,0.0789662672156475,-0.13583212721674
"449",-0.72743850258555,-1.33264327129447,-1.40998195549649,0.6656588835213,-0.155852371170439,0.248482455062926,-0.456699639432156,0.215126617057416,-0.092039457174248
"450",-0.480984915133659,-0.489603248700068,-1.29605054660339,0.362569736722345,0.0632477837637578,0.101965230261848,-0.258284164336265,0.161889640384568,-0.157620719636958
"451",1.93334607941376,-0.878123142067354,-0.242071820956656,-0.587723051048873,-0.275275172359518,-0.116856783782647,0.123699286458209,-0.215568945895661,0.0512920700645904
"452",1.99431722029659,-0.693325587484377,0.270267762857171,-0.408945769828197,-0.353540680471895,-0.0653245372116611,-0.0370455259105665,-0.0982869403976597,0.0214775322619959
"453",1.6601351542513,-0.594502814539592,0.0481331110777186,-0.489049703845388,-0.192345598764369,-0.174898407212025,0.0232832244209581,0.0158363486420076,-0.0300886329115498
"454",1.31856561684141,-0.344774351545754,0.0913719690988644,-0.49744672249126,-0.0306965600317284,-0.187815613279822,0.0675493805503223,0.0680169149850606,-0.0408537042445495
"455",-0.349603279535454,0.868582339269567,1.18207902440438,-0.519786511939765,0.148994131353562,0.385440138646504,-0.232296945258528,0.128942064839274,0.0257860689089316
"456",-0.426755282628525,-0.0278142190411378,0.211648195555451,-1.3423310138823,0.448760218585252,0.491624357166841,-0.0544447544848205,-0.0936967498025057,0.0906953247287872
"457",-4.98544736344073,2.66192333842126,2.1449175510701,-1.52586268894786,-1.04852301015249,-0.153243964005674,-0.263936920404706,-0.814158883910418,0.0184670868242862
"458",1.20484218837216,-1.15206918752341,-0.239320210699383,-1.20180837460136,-0.0444526576360522,0.105280590788326,-0.137462351083998,0.01154714257798,-0.0211979247639907
"459",0.702514868853207,-1.07101195209844,-0.398228249180542,-1.40809155776691,-0.00113017949465912,0.330767696029789,-0.168739889646036,-0.0702331482341048,0.0633736282072388
"460",0.752942745374434,-0.357376712169458,0.0957601730157605,-0.672952011627094,-0.283196248206844,-0.207350192835981,-0.204512993005093,0.269436416025527,-0.0995106837904991
"461",1.15476101058538,-0.886293120432225,-0.143446674938218,-0.569591593495937,-0.318997753117482,0.136167764609266,0.309725202216932,0.00371335845495798,0.127627375804107
"462",1.6881751956948,-0.992002074449704,-0.00508141505704269,-0.37857071489957,-0.383432551895221,-0.0691307224614281,0.367227116577187,0.0159410190659492,0.0499762575053657
"463",0.392960931184085,-2.57651162021403,1.76259038136059,-0.139314211895497,0.271852609969345,0.16899077373114,-0.176225088811615,-0.222672977163273,-0.0112787658439985
"464",-1.22581338159528,-2.67904339542194,1.33977686697354,0.508403309726478,0.156631219739855,0.245871132938778,0.152107817902645,0.0504992181419503,-0.0487684700575777
"465",1.97245526409449,-0.475599292104615,-0.0466085973538809,-0.640636870824837,-0.166702629515044,-0.288100023412158,-0.273643377149178,-0.16525896288772,-0.0252178247994551
"466",1.10639528009374,0.00713381626853271,-0.123546758465717,-0.773879442027859,0.214721051208636,-0.145211083313955,-0.18872011949927,-0.115192149513097,-0.0359246428212924
"467",1.51037213579696,-0.1855168714026,0.0923816275358223,-0.690954146778461,-0.0220465093233213,-0.0583482796300396,-0.323692164662032,-0.154065600837687,-0.0130817279806389
"468",0.44720433595817,0.559336247317585,0.522225461770309,-0.73736671833546,0.269546827237623,0.248098867379008,-0.403136329882232,-0.0812357043001393,0.00384260821698497
"469",1.73621601726554,-0.92414739055202,0.22917891749031,-1.38946860835802,0.426130291104234,-0.520108186310454,-0.0955422540391125,-0.220208639161087,-0.0748822547808919
"470",1.50575587710347,-1.32239725000946,0.0859531785527797,-0.647044245810349,0.0475686914127136,-0.306033311969996,-0.272864072410091,-0.178434246136984,-0.0577666739822507
"471",1.54407609877976,-0.276742794248799,0.176224393062571,-0.71730713509894,-0.167514508579178,0.0708291447559199,-0.451801724250672,-0.164515087102062,-0.00120630270196787
"472",1.25128066817773,0.0760673450596671,0.24321237450874,-0.669798596370781,0.116634062036995,0.0118651180171252,-0.291332572089031,-0.163636075859169,0.0289290167839185
"473",1.92138614532818,-0.61828884381958,-0.176802137403263,-0.74273894382226,-0.226481344383405,-0.122040952960293,-0.379147060942816,-0.15036567299235,-0.0281772383770164
"474",2.07349643837712,-0.573110053721267,0.0736586356417124,-0.640733086379174,-0.313448641007747,-0.147805110197033,-0.406758517871513,-0.175287263658085,-0.0161520175033859
"475",-1.7851847783218,1.60789262397138,1.58143739096039,-0.739506395367818,0.0966360010720911,0.481432601947626,-0.265116863365852,-0.0405600395146945,0.0256325060375213
"476",1.84815290200591,-0.83500499789248,0.469471164171729,-0.761899354650498,0.0135821166353628,-0.105260179988802,0.0677227567650606,-0.148206213530801,0.000432019646535504
"477",0.607850863004707,-0.730034379507118,-0.589634021655016,-1.33244959972645,0.468875373564175,0.0657323988619174,0.281679362566543,-0.203589004814564,0.094146877467555
"478",1.13708984267113,-0.435595071180665,0.119932966788481,-0.688470213058559,-0.148376705649749,0.435140150675983,-0.11930226735541,-0.164252311371101,0.0715584161069364
"479",-10.7988089425787,-5.76823064064783,-2.32606664217121,-2.0331593022493,0.762108693648358,-0.720756340786344,-1.31985388416202,1.28384403133656,0.284236058860105
